{
  "e3b_walkforward": {
    "name": "e3b_walkforward",
    "n": 8,
    "period": 8,
    "total": 0.31334870214894894,
    "cagr": 0.03465963451315135,
    "mean_annual": 0.03875000000000001,
    "std_annual": 0.09040568289659671,
    "sharpe": 0.42862349753301554,
    "sortino": 0.6681034482758623,
    "calmar": 0.24581301073156983,
    "mar": 0.27482269503546103,
    "max_dd": -0.14100000000000001,
    "hit_rate": 0.75,
    "skew": -0.5317146605566099,
    "kurtosis": 2.6143646334351796,
    "best_year": 0.164,
    "worst_year": -0.141
  },
  "slv_bh": {
    "name": "slv_bh",
    "n": 8,
    "period": 8,
    "total": 3.0290555385533313,
    "cagr": 0.19028348191679534,
    "mean_annual": 0.2592125,
    "std_annual": 0.4833811395718186,
    "sharpe": 0.536248684070735,
    "sortino": 5.427455355625564,
    "calmar": 1.5283813808577933,
    "mar": 2.0820281124497986,
    "max_dd": -0.12450000000000006,
    "hit_rate": 0.625,
    "skew": 1.7152410860171807,
    "kurtosis": 4.659948995757961,
    "best_year": 1.4466,
    "worst_year": -0.1245
  },
  "aqmix": {
    "name": "aqmix",
    "n": 7,
    "period": 7,
    "total": 0.3673352367087712,
    "cagr": 0.04570868527055083,
    "mean_annual": 0.0531,
    "std_annual": 0.13159520182307996,
    "sharpe": 0.40351015283512415,
    "sortino": 1.379669184459883,
    "calmar": 3.1186545576616767,
    "mar": 3.6229560319147502,
    "max_dd": -0.014656540000000051,
    "hit_rate": 0.5714285714285714,
    "skew": 1.4941285787829583,
    "kurtosis": 4.102580066152495,
    "best_year": 0.3538,
    "worst_year": -0.0888
  },
  "medallion": {
    "name": "medallion",
    "n": 7,
    "period": 7,
    "total": 8.001878828799999,
    "cagr": 0.36877892242832777,
    "mean_annual": 0.3785714285714285,
    "std_annual": 0.17274494587839787,
    "sharpe": 2.1915050923569144,
    "sortino": 0,
    "calmar": 0,
    "mar": 0,
    "max_dd": 0.0,
    "hit_rate": 1.0,
    "skew": 1.3802879937771744,
    "kurtosis": 3.5667121964547523,
    "best_year": 0.76,
    "worst_year": 0.21
  }
}