{
  "feature_bounds": {
    "silver_dist_ma200": [
      -0.30778701883636994,
      0.5687116675335316
    ],
    "silver_atr_14": [
      0.12078529868738566,
      2.0547789515202197
    ],
    "silver_rvol_60": [
      0.14748702941772354,
      0.6406313075678411
    ],
    "ratio_gold_silver": [
      36.276544666255035,
      113.02889943570902
    ]
  },
  "pctile_low": 0.005,
  "pctile_high": 0.995,
  "n_train": 3065
}